{
    "naveen": {
        "age": 19,
        "gender": "Male",
        "face_encoding": [
            -0.16225385665893555,
            0.08703665435314178,
            0.059030111879110336,
            -0.03695013374090195,
            -0.023773301392793655,
            -0.07028495520353317,
            -0.006155460141599178,
            -0.07273092865943909,
            0.09591198712587357,
            -0.054361362010240555,
            0.27714091539382935,
            -0.09150123596191406,
            -0.1980968415737152,
            -0.15705837309360504,
            0.021988408640027046,
            0.15277895331382751,
            -0.1319287270307541,
            -0.14580468833446503,
            -0.1137179285287857,
            -0.08025107532739639,
            0.0571741908788681,
            -0.10167815536260605,
            -0.041837599128484726,
            0.11259967088699341,
            -0.14966072142124176,
            -0.3430405557155609,
            -0.06895230710506439,
            -0.17011980712413788,
            0.025217343121767044,
            -0.15623830258846283,
            -0.04270070418715477,
            0.0612214170396328,
            -0.15147577226161957,
            -0.03600737825036049,
            -0.07596476376056671,
            0.068290576338768,
            0.0686030313372612,
            -0.035246413201093674,
            0.18456900119781494,
            -0.03745460882782936,
            -0.1990041881799698,
            -0.022776536643505096,
            0.10072128474712372,
            0.2758767902851105,
            0.1892273873090744,
            0.006440192926675081,
            0.07181044667959213,
            0.03840171918272972,
            0.10050730407238007,
            -0.19514767825603485,
            0.056506283581256866,
            0.08914384990930557,
            0.16932137310504913,
            0.03615090250968933,
            0.09333790093660355,
            -0.15128371119499207,
            -0.03561257943511009,
            0.06615619361400604,
            -0.19259697198867798,
            0.09983493387699127,
            0.00248126033693552,
            -0.09560482949018478,
            -0.10971829295158386,
            -0.04423360899090767,
            0.22639727592468262,
            0.09052057564258575,
            -0.11961045116186142,
            -0.09339475631713867,
            0.20560316741466522,
            -0.12222032248973846,
            0.0031016820576041937,
            0.09134284406900406,
            -0.14163130521774292,
            -0.18154853582382202,
            -0.30644121766090393,
            0.12523652613162994,
            0.3598228096961975,
            0.10920268297195435,
            -0.18819399178028107,
            0.07102779299020767,
            -0.09232477098703384,
            -0.07941290736198425,
            -0.0008495527436025441,
            0.06669817119836807,
            -0.05687224864959717,
            0.06222590431571007,
            -0.12825509905815125,
            0.08680825680494308,
            0.1635080724954605,
            -0.011954927816987038,
            0.05856521800160408,
            0.21832293272018433,
            -0.02128688059747219,
            -0.05490146949887276,
            -0.024797208607196808,
            0.06678318977355957,
            -0.08766113966703415,
            -0.006486603524535894,
            -0.07723362743854523,
            -0.020644307136535645,
            0.143635556101799,
            -0.10836075991392136,
            -0.009281636215746403,
            0.031212780624628067,
            -0.21428871154785156,
            0.03427273407578468,
            0.01246682833880186,
            -0.003712120233103633,
            -0.03603000193834305,
            0.04190976172685623,
            -0.09803302586078644,
            -0.07154222577810287,
            0.14626260101795197,
            -0.23519010841846466,
            0.10345872491598129,
            0.20858657360076904,
            0.048721279948949814,
            0.0819731056690216,
            0.06823378801345825,
            0.043893370777368546,
            0.054071806371212006,
            -0.07070125639438629,
            -0.13110196590423584,
            -0.02583426982164383,
            0.08450537919998169,
            -0.020426899194717407,
            0.001622314564883709,
            0.06774259358644485
        ]
    }
}